username,nickname,followers,region,videos,totalViews,topViews,topVideo
"rucenuenda1","Ruce Nuenda","8000000","","1","14700000","14700000","https://www.tiktok.com/@rucenuenda1/video/7689012753280879890"
"kilatkilau","KilatKilau","906000","","1","7400000","7400000","https://www.tiktok.com/@kilatkilau/video/7525316844698242322"
"ohbulanofficial","OHBULAN!","5700000","","1","5600000","5600000","https://www.tiktok.com/@ohbulanofficial/video/7554961975382412551"
"thesiakapkeli","Siakap Keli","2100000","","1","4300000","4300000","https://www.tiktok.com/@thesiakapkeli/video/7212531313922886938"
"sany_sewerage","Sany_sewerage","31100","","1","3600000","3600000","https://www.tiktok.com/@sany_sewerage/video/7441844264541211912"
"ovind_media","Ovind","111700","","1","2300000","2300000","https://www.tiktok.com/@ovind_media/video/7586255075803286805"
"poopjuicetv","Dylan Rosales","15700","","2","1907300","1400000","https://www.tiktok.com/@poopjuicetv/video/7624968930867645710"
"usa.technici","USA Technici","71300","","1","1400000","1400000","https://www.tiktok.com/@usa.technici/video/7636037119806393614"
"csesewage1","CSE SEWAGE SERVICES HQ 🍉","2256","","6","1280141","825800","https://www.tiktok.com/@csesewage1/video/7648632499513363730"
"iwk_official","Indah Water Konsortium","7894","","15","1136353","296700","https://www.tiktok.com/@iwk_official/video/7541314094763183378"
"tai_tompearl","NeoLibertarianFalangeFrisk","760","","1","928300","928300","https://www.tiktok.com/@tai_tompearl/video/7672621501811625236"
"hitam_putih292","Taman Astakona","8221","","1","761400","761400","https://www.tiktok.com/@hitam_putih292/video/7647842677983137045"
"kedai971","Kampung Boy","5082","","1","694100","694100","https://www.tiktok.com/@kedai971/video/7676690505320762645"
"eman.proplumber","eman | Pro Plumber 👨🏻‍🔧","3298","","2","592200","493800","https://www.tiktok.com/@eman.proplumber/video/7637485926217714965"
"lobakmerahmy","LOBAK MERAH","1600000","","1","588600","588600","https://www.tiktok.com/@lobakmerahmy/video/7603249019372064020"
"bossjeckson","Boss Jeckson","174600","","2","566800","283400","https://www.tiktok.com/@bossjeckson/video/7270424375701081345"
"wowman_22","WOWMAN","4228","","1","451700","451700","https://www.tiktok.com/@wowman_22/video/7490259649615187246"
"financialfaiz","Financial Faiz","780100","","1","387700","387700","https://www.tiktok.com/@financialfaiz/video/7606167814185028884"
"kenechukwu9271","Kenechukwu","23500","","1","382300","382300","https://www.tiktok.com/@kenechukwu9271/video/7674304637763161364"
"ahmadfaezal4","Ahmad Faezal","3000000","","1","311700","311700","https://www.tiktok.com/@ahmadfaezal4/video/7530969431955033351"
"tatatawanqian","Tatatawanqian","25900","","1","309700","309700","https://www.tiktok.com/@tatatawanqian/video/7606319107503361288"
"suara.jagatraya","Suara Jagat Raya","124","","2","300000","150000","https://www.tiktok.com/@suara.jagatraya/video/7672402790915804424"
"arahjernih","Mr Sumbat | Sewer Expert","4496","","1","283400","283400","https://www.tiktok.com/@arahjernih/video/7651974174453370132"
"cleanoraindonesia","Cleanora Indonesia","1041","","1","281700","281700","https://www.tiktok.com/@cleanoraindonesia/video/7605503655516720404"
"bmicro.household","B-Micro+ Household Supplies","10100","","1","281400","281400","https://www.tiktok.com/@bmicro.household/video/7622951133270592785"
"toponeproperty","Top One Property","25400","","2","281000","140500","https://www.tiktok.com/@toponeproperty/video/7612946017226476820"
"chihowe","Bulu Ketiak","547800","","2","280600","140300","https://www.tiktok.com/@chihowe/video/7585528195542306068"
"abecse1","AbeCSE","4438","","2","276500","197800","https://www.tiktok.com/@abecse1/video/7575951015267159314"
"ravizephyr","Ravi Zephyr","179900","","2","232400","116200","https://www.tiktok.com/@ravizephyr/video/7589224287429610759"
"kumbahan.store","Kumbahan","664","","2","220700","143300","https://www.tiktok.com/@kumbahan.store/video/7590337995157392658"
"beranibuatmedia","Berani Buat","402600","","2","198600","99300","https://www.tiktok.com/@beranibuatmedia/video/7616696706725334293"
"lieyakamz","Lieya7","5399","","1","198400","198400","https://www.tiktok.com/@lieyakamz/video/7232841060848815361"
"goldenpropertindo10","goldenpropertindo10","9735","","1","190200","190200","https://www.tiktok.com/@goldenpropertindo10/video/7395392538930072838"
"aldi_sedotwcbogor","MutualHanyverse","19700","","1","188000","188000","https://www.tiktok.com/@aldi_sedotwcbogor/video/7690903573617495316"
"nonpicisan","I AM Rajiv 🇲🇾🇲🇾🇲🇾","1151","","2","171000","85500","https://www.tiktok.com/@nonpicisan/video/7589912848843787540"
"jaybeejecy","Jaybee Jecy","488100","","1","162900","162900","https://www.tiktok.com/@jaybeejecy/video/7543543741634694408"
"elhome.renovation","Elhome Renovation","10600","","1","144800","144800","https://www.tiktok.com/@elhome.renovation/video/7675558805396016391"
"kcn.knowledge","KCN Construction Knowledges","5407","","1","116500","116500","https://www.tiktok.com/@kcn.knowledge/video/7663891361808059668"
"saysdotcom","saysdotcom","474600","","1","111000","111000","https://www.tiktok.com/@saysdotcom/video/7682674728796048660"
"pawselect88","PawSelect","3268","","1","109000","109000","https://www.tiktok.com/@pawselect88/video/7674898145142213909"
"pramonoanungw","pramonoanung","371200","","1","97100","97100","https://www.tiktok.com/@pramonoanungw/video/7572430404553166098"
"rpgsolarmalaysia","RPG Solar & RWH","51300","","1","88100","88100","https://www.tiktok.com/@rpgsolarmalaysia/video/7130801648267480346"
"shah.seduttangki","Seduttangki | 014 233 2823","1046","","4","86059","34200","https://www.tiktok.com/@shah.seduttangki/video/7482948062315416850"
"loanpanda_official","LOANPANDA","127500","","1","81700","81700","https://www.tiktok.com/@loanpanda_official/video/7224353442033110273"
"abangrumah_","Abang Rumah","95500","","1","55400","55400","https://www.tiktok.com/@abangrumah_/video/7471703932541193488"
"envirocare.maintenance","Envirocare Maintenance","3168","","1","52600","52600","https://www.tiktok.com/@envirocare.maintenance/video/7501551094074559752"
"busy_sibuk","payeh","305800","","1","44900","44900","https://www.tiktok.com/@busy_sibuk/video/7247098432861506818"
"marissawong96","Marissa Wong","142700","","1","43500","43500","https://www.tiktok.com/@marissawong96/video/7611487681666682133"
"qraproperty","QRA PROPERTY KELATE","941","","1","39100","39100","https://www.tiktok.com/@qraproperty/video/7570215297219579157"
"azalea_flowers","Bunga Azalea","4660","","1","33800","33800","https://www.tiktok.com/@azalea_flowers/video/7558265700167453970"
"gunprakash","ULTIMATE💧INDAH💧SERVICE'S🚛💨","2751","","1","33000","33000","https://www.tiktok.com/@gunprakash/video/7679410278580129032"
"hung.sans.heaven","Hung Sans Heaven","32","","1","32700","32700","https://www.tiktok.com/@hung.sans.heaven/video/7561883402798943519"
"wnrbangloidaman","Reka & Bina","6398","","2","32400","16200","https://www.tiktok.com/@wnrbangloidaman/video/7525332275127422228"
"sr_amirs","Sr Amir","10400","","2","31934","26000","https://www.tiktok.com/@sr_amirs/video/7612134140539850004"
"malaysiagazette","malaysiagazette","2800000","","1","26000","26000","https://www.tiktok.com/@malaysiagazette/video/7585730997820460305"
"superlight888","Super Lighting Sanitary Shop","9382","","2","24200","12100","https://www.tiktok.com/@superlight888/video/7173644681853603098"
"rekabinaidaman","Reka Bina Idaman Sdn. Bhd.","11900","","1","23600","23600","https://www.tiktok.com/@rekabinaidaman/video/7324528881254354194"
"ceorumahidaman","CEO Rumah Idaman","847","","1","23300","23300","https://www.tiktok.com/@ceorumahidaman/video/7526351859775294728"
"jason_tokoma_oe","JasonTokoma","3587","","2","21400","10700","https://www.tiktok.com/@jason_tokoma_oe/video/7264392508380171528"
"buletintv9","BULETINTV9","827200","","1","15300","15300","https://www.tiktok.com/@buletintv9/video/7602985400134667528"
"mohamad_rahmad","Mad Rumah kampung","2299","","1","15100","15100","https://www.tiktok.com/@mohamad_rahmad/video/7521667622719556882"
"smshousing","SMS HOUSING","987","","1","14000","14000","https://www.tiktok.com/@smshousing/video/7623673675560013076"
"tv3malaysia","TV3Malaysia","1800000","","1","12800","12800","https://www.tiktok.com/@tv3malaysia/video/7565729323269770516"
"septictankservices","Septic Tank Services","351","","1","10600","10600","https://www.tiktok.com/@septictankservices/video/7392712570941066528"
"timtiah","timtiah","65100","","1","8236","8236","https://www.tiktok.com/@timtiah/video/7667354480219884807"
"kemahangteguhofficial","kemahangteguhoffcl","22000","","1","7980","7980","https://www.tiktok.com/@kemahangteguhofficial/video/7497805594334678279"
"senihalusmalaysia","Tukang Rumah EN AFI Seni Halus","7365","","1","7917","7917","https://www.tiktok.com/@senihalusmalaysia/video/7679638753056492820"
"m.r.s28","Ron.✈️","1092","","1","7166","7166","https://www.tiktok.com/@m.r.s28/video/7622905421359009045"
"mzfida.com","Mz Fida","2150","","1","6933","6933","https://www.tiktok.com/@mzfida.com/video/7666022571250404629"
"sedut.tangki.najis","Sedut Tangki Najis","517","","3","6320","3508","https://www.tiktok.com/@sedut.tangki.najis/video/7686765497106386196"
"berjayaeararesources","SewerageMaintenance","93","","1","6262","6262","https://www.tiktok.com/@berjayaeararesources/video/7292000219774864641"
"rizkyotodidak","RIZKY OTODIDAK","1203","","1","6154","6154","https://www.tiktok.com/@rizkyotodidak/video/7598031027101060370"
"nava.service.hq","nava.service.hq","415","","1","6003","6003","https://www.tiktok.com/@nava.service.hq/video/7615115401415904532"
"suction_ll","SEWAGE SUCTION SERVICE","94","","1","5559","5559","https://www.tiktok.com/@suction_ll/video/7560334304484592916"
"abu_nawas.official","🅰🅱🆄 🅽🅰🆆🅰🆂","389800","","1","5442","5442","https://www.tiktok.com/@abu_nawas.official/video/7506149650890624263"
"ust.maha","UST MAHA","9561","","1","4893","4893","https://www.tiktok.com/@ust.maha/video/7544949971540380929"
"naa1empire","MAMI NAA 1EMPIRE","17700","","1","4567","4567","https://www.tiktok.com/@naa1empire/video/7472743273635810580"
"kucaijelah","chaiiffogatto","291","","1","4551","4551","https://www.tiktok.com/@kucaijelah/video/7657905491560959253"
"abmsolution25","ABM SOLUTION","195","","1","3809","3809","https://www.tiktok.com/@abmsolution25/video/7622965402326306069"
"helmisakor","Helmi Sakor","53700","","1","3231","3231","https://www.tiktok.com/@helmisakor/video/7628607346180148496"
"indahwaterfilterhouse","Indah Water Filter House","3543","","3","3001","1291","https://www.tiktok.com/@indahwaterfilterhouse/video/7679489570282474772"
"hajimatsb","HAJIMAT Desludging Service","335","","1","2642","2642","https://www.tiktok.com/@hajimatsb/video/7675231137526041876"
"sedot.wc.medansekitar","Sedot WC Medan","1102","","1","2307","2307","https://www.tiktok.com/@sedot.wc.medansekitar/video/7691298532715662599"
"ycchichichi","YC吃吃吃","19300","","1","2257","2257","https://www.tiktok.com/@ycchichichi/video/7663830513848831252"
"oceansteeltradingsdnbhd","Ocean Steel - Malaysia","5167","","1","1065","1065","https://www.tiktok.com/@oceansteeltradingsdnbhd/video/7613672142042926343"
"abngseduttangki","legasiyy","91","","1","655","655","https://www.tiktok.com/@abngseduttangki/video/7658839098098027783"
"cleanaceservices","SEDUT TANGKI NAJIS@KUMBAHAN","439","","1","424","424","https://www.tiktok.com/@cleanaceservices/video/7687611589511482644"